count,PC,instruction
0,0x00010074,0xfe010113
1,0x00010078,0x00812e23
2,0x0001007c,0x02010413
3,0x00010080,0x000107b7
4,0x00010084,0x0c878793
5,0x00010088,0xfef42623
6,0x0001008c,0x01c0006f
7,0x000100a8,0xfec42783
8,0x000100ac,0x0007c783
9,0x000100b0,0xfe0790e3
10,0x00010090,0xfec42783
11,0x00010094,0x00178713
12,0x00010098,0xfee42623
13,0x0001009c,0x40008737
14,0x000100a0,0x0007c783
15,0x000100a4,0x00f70023
16,0x000100a8,0xfec42783
17,0x000100ac,0x0007c783
18,0x000100b0,0xfe0790e3
19,0x00010090,0xfec42783
20,0x00010094,0x00178713
21,0x00010098,0xfee42623
22,0x0001009c,0x40008737
23,0x000100a0,0x0007c783
24,0x000100a4,0x00f70023
25,0x000100a8,0xfec42783
26,0x000100ac,0x0007c783
27,0x000100b0,0xfe0790e3
28,0x00010090,0xfec42783
29,0x00010094,0x00178713
30,0x00010098,0xfee42623
31,0x0001009c,0x40008737
32,0x000100a0,0x0007c783
33,0x000100a4,0x00f70023
34,0x000100a8,0xfec42783
35,0x000100ac,0x0007c783
36,0x000100b0,0xfe0790e3
37,0x00010090,0xfec42783
38,0x00010094,0x00178713
39,0x00010098,0xfee42623
40,0x0001009c,0x40008737
41,0x000100a0,0x0007c783
42,0x000100a4,0x00f70023
43,0x000100a8,0xfec42783
44,0x000100ac,0x0007c783
45,0x000100b0,0xfe0790e3
46,0x00010090,0xfec42783
47,0x00010094,0x00178713
48,0x00010098,0xfee42623
49,0x0001009c,0x40008737
50,0x000100a0,0x0007c783
51,0x000100a4,0x00f70023
52,0x000100a8,0xfec42783
53,0x000100ac,0x0007c783
54,0x000100b0,0xfe0790e3
55,0x00010090,0xfec42783
56,0x00010094,0x00178713
57,0x00010098,0xfee42623
58,0x0001009c,0x40008737
59,0x000100a0,0x0007c783
60,0x000100a4,0x00f70023
61,0x000100a8,0xfec42783
62,0x000100ac,0x0007c783
63,0x000100b0,0xfe0790e3
64,0x00010090,0xfec42783
65,0x00010094,0x00178713
66,0x00010098,0xfee42623
67,0x0001009c,0x40008737
68,0x000100a0,0x0007c783
69,0x000100a4,0x00f70023
70,0x000100a8,0xfec42783
71,0x000100ac,0x0007c783
72,0x000100b0,0xfe0790e3
73,0x00010090,0xfec42783
74,0x00010094,0x00178713
75,0x00010098,0xfee42623
76,0x0001009c,0x40008737
77,0x000100a0,0x0007c783
78,0x000100a4,0x00f70023
79,0x000100a8,0xfec42783
80,0x000100ac,0x0007c783
81,0x000100b0,0xfe0790e3
82,0x00010090,0xfec42783
83,0x00010094,0x00178713
84,0x00010098,0xfee42623
85,0x0001009c,0x40008737
86,0x000100a0,0x0007c783
87,0x000100a4,0x00f70023
88,0x000100a8,0xfec42783
89,0x000100ac,0x0007c783
90,0x000100b0,0xfe0790e3
91,0x00010090,0xfec42783
92,0x00010094,0x00178713
93,0x00010098,0xfee42623
94,0x0001009c,0x40008737
95,0x000100a0,0x0007c783
96,0x000100a4,0x00f70023
97,0x000100a8,0xfec42783
98,0x000100ac,0x0007c783
99,0x000100b0,0xfe0790e3
100,0x00010090,0xfec42783
101,0x00010094,0x00178713
102,0x00010098,0xfee42623
103,0x0001009c,0x40008737
104,0x000100a0,0x0007c783
105,0x000100a4,0x00f70023
106,0x000100a8,0xfec42783
107,0x000100ac,0x0007c783
108,0x000100b0,0xfe0790e3
109,0x00010090,0xfec42783
110,0x00010094,0x00178713
111,0x00010098,0xfee42623
112,0x0001009c,0x40008737
113,0x000100a0,0x0007c783
114,0x000100a4,0x00f70023
115,0x000100a8,0xfec42783
116,0x000100ac,0x0007c783
117,0x000100b0,0xfe0790e3
118,0x00010090,0xfec42783
119,0x00010094,0x00178713
120,0x00010098,0xfee42623
121,0x0001009c,0x40008737
122,0x000100a0,0x0007c783
123,0x000100a4,0x00f70023
124,0x000100a8,0xfec42783
125,0x000100ac,0x0007c783
126,0x000100b0,0xfe0790e3
127,0x00010090,0xfec42783
128,0x00010094,0x00178713
129,0x00010098,0xfee42623
130,0x0001009c,0x40008737
131,0x000100a0,0x0007c783
132,0x000100a4,0x00f70023
133,0x000100a8,0xfec42783
134,0x000100ac,0x0007c783
135,0x000100b0,0xfe0790e3
136,0x00010090,0xfec42783
137,0x00010094,0x00178713
138,0x00010098,0xfee42623
139,0x0001009c,0x40008737
140,0x000100a0,0x0007c783
141,0x000100a4,0x00f70023
142,0x000100a8,0xfec42783
143,0x000100ac,0x0007c783
144,0x000100b0,0xfe0790e3
145,0x00010090,0xfec42783
146,0x00010094,0x00178713
147,0x00010098,0xfee42623
148,0x0001009c,0x40008737
149,0x000100a0,0x0007c783
150,0x000100a4,0x00f70023
151,0x000100a8,0xfec42783
152,0x000100ac,0x0007c783
153,0x000100b0,0xfe0790e3
154,0x00010090,0xfec42783
155,0x00010094,0x00178713
156,0x00010098,0xfee42623
157,0x0001009c,0x40008737
158,0x000100a0,0x0007c783
159,0x000100a4,0x00f70023
160,0x000100a8,0xfec42783
161,0x000100ac,0x0007c783
162,0x000100b0,0xfe0790e3
163,0x000100b4,0x00000073
